{"ASSIGNED":{"old_value":["0","0","ASSIGNED","0","ASSIGNED","0","ASSIGNED","0","ASSIGNED"],"new_value":["ASSIGNED","ASSIGNED ASSIGNED","CLOSED","CLOSED CLOSED","NEW","REOPENED","RESOLVED","UNCONFIRMED","VERIFIED"],"issue":[0,0,3222,0,25421,0,80173,0,1],"f":[0,0,0.0296093441282153,0,0.233612395122086,0,0.736769071009125,0,9.18974057362361e-06]},"ASSIGNED ASSIGNED":{"old_value":[0,0,0,0,0,0,0,0,0],"new_value":["ASSIGNED","ASSIGNED ASSIGNED","CLOSED","CLOSED CLOSED","NEW","REOPENED","RESOLVED","UNCONFIRMED","VERIFIED"],"issue":[0,0,0,0,0,0,0,0,0],"f":[0,0,0,0,0,0,0,0,0]},"CLOSED":{"old_value":["CLOSED","0","0","0","CLOSED","CLOSED","CLOSED","CLOSED","CLOSED"],"new_value":["ASSIGNED","ASSIGNED ASSIGNED","CLOSED","CLOSED CLOSED","NEW","REOPENED","RESOLVED","UNCONFIRMED","VERIFIED"],"issue":[1,0,0,0,1,2344,395,2,5],"f":[0.000363901018922853,0,0,0,0.000363901018922853,0.852983988355167,0.143740902474527,0.000727802037845706,0.00181950509461426]},"CLOSED CLOSED":{"old_value":[0,0,0,0,0,0,0,0,0],"new_value":["ASSIGNED","ASSIGNED ASSIGNED","CLOSED","CLOSED CLOSED","NEW","REOPENED","RESOLVED","UNCONFIRMED","VERIFIED"],"issue":[0,0,0,0,0,0,0,0,0],"f":[0,0,0,0,0,0,0,0,0]},"NEW":{"old_value":["NEW","NEW NEW","NEW","0","0","0","NEW","0","NEW"],"new_value":["ASSIGNED","ASSIGNED ASSIGNED","CLOSED","CLOSED CLOSED","NEW","REOPENED","RESOLVED","UNCONFIRMED","VERIFIED"],"issue":[110893,1,21369,0,0,0,293889,0,9],"f":[0.260213862835877,2.34653100588745e-06,0.0501430210648088,0,0,0,0.689619650789256,0,2.1118779052987e-05]},"REOPENED":{"old_value":["REOPENED","0","REOPENED","0","REOPENED","0","REOPENED","0","REOPENED"],"new_value":["ASSIGNED","ASSIGNED ASSIGNED","CLOSED","CLOSED CLOSED","NEW","REOPENED","RESOLVED","UNCONFIRMED","VERIFIED"],"issue":[5223,0,935,0,10011,0,22231,0,2],"f":[0.136008541221811,0,0.0243476902244675,0,0.260689547419405,0,0.578902140513515,0,5.2080620801e-05]},"RESOLVED":{"old_value":["RESOLVED","0","RESOLVED","RESOLVED RESOLVED","RESOLVED","RESOLVED","0","RESOLVED","RESOLVED"],"new_value":["ASSIGNED","ASSIGNED ASSIGNED","CLOSED","CLOSED CLOSED","NEW","REOPENED","RESOLVED","UNCONFIRMED","VERIFIED"],"issue":[270,0,49708,3,1143,36388,0,38,65332],"f":[0.00176606794782904,0,0.325139650187727,1.96229771981005e-05,0.00747635431247629,0.23801363142816,0,0.00024855771117594,0.427336115435434]},"UNCONFIRMED":{"old_value":["UNCONFIRMED","0","UNCONFIRMED","0","UNCONFIRMED","0","UNCONFIRMED","0","0"],"new_value":["ASSIGNED","ASSIGNED ASSIGNED","CLOSED","CLOSED CLOSED","NEW","REOPENED","RESOLVED","UNCONFIRMED","VERIFIED"],"issue":[905,0,191,0,355,0,614,0,0],"f":[0.438256658595642,0,0.0924939467312349,0,0.171912832929782,0,0.297336561743341,0,0]},"VERIFIED":{"old_value":["0","0","VERIFIED","0","VERIFIED","VERIFIED","VERIFIED","0","0"],"new_value":["ASSIGNED","ASSIGNED ASSIGNED","CLOSED","CLOSED CLOSED","NEW","REOPENED","RESOLVED","UNCONFIRMED","VERIFIED"],"issue":[0,0,9513,0,5,1451,66,0,0],"f":[0,0,0.862075215224286,0,0.000453103760761214,0.131490711372904,0.00598096964204803,0,0]}}