{"data":{"years":[2001,2002,2003,2004,2005,2006,2007,2008,2009,2010,2011,2012,2013,2014],"X0.99":[1964294,2269523,2645416.83,2666505.12,2822532.81999999,2762134.72,2708681.6,2330181.24,2081457.9,1795533.48,1385296.96,982428.57,555458.899999999,166966.66],"X0.95":[424403.55,1123226.9,1458594,1235789,1258861.3,1186174.89999999,1177587.9,961728.6,908018,1081857.8,898939,651226.6,343789,94853],"X0.5":[133291,11710,11094.5,10064,10321,10342,11487,11271,10021,11323,11309,10249.5,7067.5,2966],"X0.25":[18880,1487,1149.25,980,1006,1245,1171.25,1043,822.5,887.5,832,766,370.75,189.75]},"labels":[0.99,0.95,0.5,0.25]}