{"data":{"years":[2001,2002,2003,2004,2005,2006,2007,2008,2009,2010,2011,2012,2013,2014],"X0.99":[1964294,2269523,2645416.83,2678868.62000002,2826943,2776557.49999999,2718198.4,2336857,2091593.54,1841998.08,1407164.11,1013309.8,577290.399999999,198140.860000002],"X0.95":[424403.55,1123226.9,1458594,1240096,1258968,1188978,1180085,963289.700000001,912715.149999998,1102417.4,913258.15,672900.1,360092,107612.3],"X0.5":[133291,11710,11094.5,10067.5,10325,10356.5,11499,11280,10023.5,11405,11356.5,10329,7183,3269],"X0.25":[18880,1487,1149.25,980,1006,1246,1172,1043,823.25,899,840.75,776.25,386,208]},"labels":[0.99,0.95,0.5,0.25]}