{"data":{"years":[2001,2002,2003,2004,2005,2006,2007,2008,2009,2010,2011,2012,2013,2014],"X0.99":[1964294,2269523,2645416.83,2688191.72000001,2837062.39000001,2785809.19,2721673.7,2343677.7,2105430,1847693.4,1418567.88,1042264.88,606532.06,221536.109999999],"X0.95":[424403.55,1123226.9,1458594,1240780.6,1259900.4,1189108.15,1181411.5,967339.299999999,917212.9,1105919.5,925906.8,682746,379582,122494.7],"X0.5":[133291,11710,11094.5,10070,10325,10356.5,11503,11283.5,10031.5,11412,11379,10377,7264,3550.5],"X0.25":[18880,1487,1149.25,980,1006.75,1246,1172,1043,824,900,846,783,396,224.25]},"labels":[0.99,0.95,0.5,0.25]}