{"data":{"years":[2001,2002,2003,2004,2005,2006,2007,2008,2009,2010,2011,2012,2013,2014],"X0.99":[1964294,2269523,2645416.83,2678868.62000002,2826943,2773527,2714351.52,2336667.29,2091593.54,1828824.45,1402991.28,1007796.39,568681,190793.28],"X0.95":[424403.55,1123226.9,1458594,1240096,1258968,1188900.2,1179470,962620.15,912715.149999998,1099004.85,909980,666570.7,355882.7,104879.6],"X0.5":[133291,11710,11094.5,10067.5,10325,10356,11495,11278,10023.5,11397.5,11348,10307.5,7165,3183],"X0.25":[18880,1487,1149.25,980,1006,1246,1172,1043,823.25,895,838,774,380.5,202]},"labels":[0.99,0.95,0.5,0.25]}