{"data":{"years":[2001,2002,2003,2004,2005,2006,2007,2008,2009,2010,2011,2012,2013,2014],"X0.99":[1964294,2269523,2645416.83,2668196.56,2822532.81999999,2762134.72,2708681.6,2331592.26,2085963.61,1818687.02,1394302.12,998806,565031.2,173071.98],"X0.95":[424403.55,1123226.9,1458594,1238959,1258861.3,1186174.89999999,1177587.9,962111,910811.049999998,1094211.95,905705.2,661347.799999999,350237,99066.2999999999],"X0.5":[133291,11710,11094.5,10064,10321,10342,11487,11273,10022,11374.5,11334,10289,7111,3064.5],"X0.25":[18880,1487,1149.25,980,1006,1245,1171.25,1043,823,892,836,768,377,198.25]},"labels":[0.99,0.95,0.5,0.25]}