{"data":{"years":[2001,2002,2003,2004,2005,2006,2007,2008,2009,2010,2011,2012,2013,2014],"X0.99":[1964294,2269523,2645416.83,2666505.12,2822532.81999999,2762134.72,2708681.6,2331592.26,2083591.36,1795944.21,1387602.68,986640.12,556188.34,169632.27],"X0.95":[424403.55,1123226.9,1458594,1235789,1258861.3,1186174.89999999,1177587.9,962111,908929.199999997,1082459.75,899596.6,652561.800000001,345666,96018.4499999998],"X0.5":[133291,11710,11094.5,10064,10321,10342,11487,11273,10022,11325,11311,10253,7083.5,2967],"X0.25":[18880,1487,1149.25,980,1006,1245,1171.25,1043,823,887.75,833,767,371.75,188.75]},"labels":[0.99,0.95,0.5,0.25]}