{"data":{"years":[2001,2002,2003,2004,2005,2006,2007,2008,2009,2010,2011,2012,2013,2014],"X0.99":[1964294,2269523,2645416.83,2688191.72000001,2841313.96,2785809.19,2726573.48,2347362.25,2114157.31,1858070.55,1427206,1067866.18,624086.5,243016.979999998],"X0.95":[424403.55,1123226.9,1458594,1240780.6,1260839.2,1189108.15,1182518.9,967830.25,921570.649999999,1108455.65,930260.8,695983.1,391710,131632.5],"X0.5":[133291,11710,11094.5,10070,10325,10356.5,11506,11285,10036.5,11428,11388.5,10464,7307,3842.5],"X0.25":[18880,1487,1149.25,980,1007,1246,1172,1043,824,900.75,848,790,401.5,231]},"labels":[0.99,0.95,0.5,0.25]}