{"ASSIGNED":{"old_value":["0","0","ASSIGNED","0","ASSIGNED","0","ASSIGNED","0","ASSIGNED"],"new_value":["ASSIGNED","ASSIGNED ASSIGNED","CLOSED","CLOSED CLOSED","NEW","REOPENED","RESOLVED","UNCONFIRMED","VERIFIED"],"issue":[0,0,3277,0,25449,0,80945,0,1],"f":[0,0,0.0298800058355825,0,0.23204646582537,0,0.738064410241447,0,9.11809760011671e-06]},"ASSIGNED ASSIGNED":{"old_value":[0,0,0,0,0,0,0,0,0],"new_value":["ASSIGNED","ASSIGNED ASSIGNED","CLOSED","CLOSED CLOSED","NEW","REOPENED","RESOLVED","UNCONFIRMED","VERIFIED"],"issue":[0,0,0,0,0,0,0,0,0],"f":[0,0,0,0,0,0,0,0,0]},"CLOSED":{"old_value":["CLOSED","0","0","0","CLOSED","CLOSED","CLOSED","CLOSED","CLOSED"],"new_value":["ASSIGNED","ASSIGNED ASSIGNED","CLOSED","CLOSED CLOSED","NEW","REOPENED","RESOLVED","UNCONFIRMED","VERIFIED"],"issue":[1,0,0,0,1,2383,415,6,5],"f":[0.000355745286374956,0,0,0,0.000355745286374956,0.847741017431519,0.147634293845607,0.00213447171824973,0.00177872643187478]},"CLOSED CLOSED":{"old_value":[0,0,0,0,0,0,0,0,0],"new_value":["ASSIGNED","ASSIGNED ASSIGNED","CLOSED","CLOSED CLOSED","NEW","REOPENED","RESOLVED","UNCONFIRMED","VERIFIED"],"issue":[0,0,0,0,0,0,0,0,0],"f":[0,0,0,0,0,0,0,0,0]},"NEW":{"old_value":["NEW","NEW NEW","NEW","0","0","0","NEW","0","NEW"],"new_value":["ASSIGNED","ASSIGNED ASSIGNED","CLOSED","CLOSED CLOSED","NEW","REOPENED","RESOLVED","UNCONFIRMED","VERIFIED"],"issue":[111714,1,21851,0,0,0,295459,0,9],"f":[0.26038495783551,2.3308176041992e-06,0.0509306954693567,0,0,0,0.688661038519092,0,2.09773584377928e-05]},"REOPENED":{"old_value":["REOPENED","0","REOPENED","0","REOPENED","0","REOPENED","0","REOPENED"],"new_value":["ASSIGNED","ASSIGNED ASSIGNED","CLOSED","CLOSED CLOSED","NEW","REOPENED","RESOLVED","UNCONFIRMED","VERIFIED"],"issue":[5249,0,963,0,10011,0,22383,0,2],"f":[0.135956278491504,0,0.0249430169912971,0,0.259298590965603,0,0.579750310816411,0,5.18027351844177e-05]},"RESOLVED":{"old_value":["RESOLVED","0","RESOLVED","RESOLVED RESOLVED","RESOLVED","RESOLVED","0","RESOLVED","RESOLVED"],"new_value":["ASSIGNED","ASSIGNED ASSIGNED","CLOSED","CLOSED CLOSED","NEW","REOPENED","RESOLVED","UNCONFIRMED","VERIFIED"],"issue":[270,0,49942,3,1143,36552,0,39,65853],"f":[0.00175550382959909,0,0.324716193547548,1.95055981066566e-05,0.00743163287863617,0.237656207331504,0,0.000253572775386536,0.428167384039219]},"UNCONFIRMED":{"old_value":["UNCONFIRMED","0","UNCONFIRMED","0","UNCONFIRMED","0","UNCONFIRMED","0","0"],"new_value":["ASSIGNED","ASSIGNED ASSIGNED","CLOSED","CLOSED CLOSED","NEW","REOPENED","RESOLVED","UNCONFIRMED","VERIFIED"],"issue":[998,0,310,0,401,0,700,0,0],"f":[0.414279784142798,0,0.128684101286841,0,0.166459111664591,0,0.29057700290577,0,0]},"VERIFIED":{"old_value":["0","0","VERIFIED","0","VERIFIED","VERIFIED","VERIFIED","0","0"],"new_value":["ASSIGNED","ASSIGNED ASSIGNED","CLOSED","CLOSED CLOSED","NEW","REOPENED","RESOLVED","UNCONFIRMED","VERIFIED"],"issue":[0,0,9541,0,5,1467,72,0,0],"f":[0,0,0.860712674785747,0,0.0004510599909788,0.13234100135318,0.00649526387009472,0,0]}}