{"ASSIGNED":{"old_value":["0","0","ASSIGNED","0","ASSIGNED","0","ASSIGNED","0","ASSIGNED"],"new_value":["ASSIGNED","ASSIGNED ASSIGNED","CLOSED","CLOSED CLOSED","NEW","REOPENED","RESOLVED","UNCONFIRMED","VERIFIED"],"issue":[0,0,3279,0,25449,0,80972,0,1],"f":[0,0,0.0298903382831515,0,0.231985123198512,0,0.73811542283115,0,9.11568718607852e-06]},"ASSIGNED ASSIGNED":{"old_value":[0,0,0,0,0,0,0,0,0],"new_value":["ASSIGNED","ASSIGNED ASSIGNED","CLOSED","CLOSED CLOSED","NEW","REOPENED","RESOLVED","UNCONFIRMED","VERIFIED"],"issue":[0,0,0,0,0,0,0,0,0],"f":[0,0,0,0,0,0,0,0,0]},"CLOSED":{"old_value":["CLOSED","0","0","0","CLOSED","CLOSED","CLOSED","CLOSED","CLOSED"],"new_value":["ASSIGNED","ASSIGNED ASSIGNED","CLOSED","CLOSED CLOSED","NEW","REOPENED","RESOLVED","UNCONFIRMED","VERIFIED"],"issue":[1,0,0,0,1,2384,415,6,5],"f":[0.000355618776671408,0,0,0,0.000355618776671408,0.847795163584637,0.147581792318634,0.00213371266002845,0.00177809388335704]},"CLOSED CLOSED":{"old_value":[0,0,0,0,0,0,0,0,0],"new_value":["ASSIGNED","ASSIGNED ASSIGNED","CLOSED","CLOSED CLOSED","NEW","REOPENED","RESOLVED","UNCONFIRMED","VERIFIED"],"issue":[0,0,0,0,0,0,0,0,0],"f":[0,0,0,0,0,0,0,0,0]},"NEW":{"old_value":["NEW","NEW NEW","NEW","0","0","0","NEW","0","NEW"],"new_value":["ASSIGNED","ASSIGNED ASSIGNED","CLOSED","CLOSED CLOSED","NEW","REOPENED","RESOLVED","UNCONFIRMED","VERIFIED"],"issue":[111764,1,21873,0,0,0,295551,0,9],"f":[0.260401959002605,2.32992698008844e-06,0.0509624928354745,0,0,0,0.68861224889212,0,2.0969342820796e-05]},"REOPENED":{"old_value":["REOPENED","0","REOPENED","0","REOPENED","0","REOPENED","0","REOPENED"],"new_value":["ASSIGNED","ASSIGNED ASSIGNED","CLOSED","CLOSED CLOSED","NEW","REOPENED","RESOLVED","UNCONFIRMED","VERIFIED"],"issue":[5250,0,963,0,10011,0,22393,0,2],"f":[0.135943447525829,0,0.0249359123747378,0,0.259224733939253,0,0.57984411818017,0,5.17879800098397e-05]},"RESOLVED":{"old_value":["RESOLVED","0","RESOLVED","RESOLVED RESOLVED","RESOLVED","RESOLVED","0","RESOLVED","RESOLVED"],"new_value":["ASSIGNED","ASSIGNED ASSIGNED","CLOSED","CLOSED CLOSED","NEW","REOPENED","RESOLVED","UNCONFIRMED","VERIFIED"],"issue":[270,0,49994,3,1143,36565,0,39,65862],"f":[0.00175465959603837,0,0.32489796979386,1.94962177337596e-05,0.00742805895656243,0.237626400478307,0,0.000253450830538875,0.428019964126959]},"UNCONFIRMED":{"old_value":["UNCONFIRMED","0","UNCONFIRMED","0","UNCONFIRMED","0","UNCONFIRMED","0","0"],"new_value":["ASSIGNED","ASSIGNED ASSIGNED","CLOSED","CLOSED CLOSED","NEW","REOPENED","RESOLVED","UNCONFIRMED","VERIFIED"],"issue":[1000,0,312,0,405,0,706,0,0],"f":[0.412711514651259,0,0.128765992571193,0,0.16714816343376,0,0.291374329343789,0,0]},"VERIFIED":{"old_value":["0","0","VERIFIED","0","VERIFIED","VERIFIED","VERIFIED","0","0"],"new_value":["ASSIGNED","ASSIGNED ASSIGNED","CLOSED","CLOSED CLOSED","NEW","REOPENED","RESOLVED","UNCONFIRMED","VERIFIED"],"issue":[0,0,9541,0,5,1467,72,0,0],"f":[0,0,0.860712674785747,0,0.0004510599909788,0.13234100135318,0.00649526387009472,0,0]}}