{"data":{"years":[2001,2002,2003,2004,2005,2006,2007,2008,2009,2010,2011,2012,2013,2014],"X0.99":[1964294,2269523,2645416.83,2666505.12,2822532.81999999,2762134.72,2708681.6,2331592.26,2083037.94,1795944.21,1386653.69,986291.77,556188.34,169524.36],"X0.95":[424403.55,1123226.9,1458594,1235789,1258861.3,1186174.89999999,1177587.9,962111,908210.349999999,1082459.75,899311.249999999,651590.099999999,345666,95314.6999999998],"X0.5":[133291,11710,11094.5,10064,10321,10342,11487,11273,10021.5,11325,11310,10252,7083.5,2966],"X0.25":[18880,1487,1149.25,980,1006,1245,1171.25,1043,822.75,887.75,832.75,766.25,371.75,189]},"labels":[0.99,0.95,0.5,0.25]}