{"data":{"years":[2001,2002,2003,2004,2005,2006,2007,2008,2009,2010,2011,2012,2013,2014],"X0.99":[1964294,2269523,2645416.83,2688191.72000001,2837062.39000001,2785809.19,2723176.87999999,2347362.25,2111085.41,1856103.2,1423271.5,1059665.19,616847.4,238546.9],"X0.95":[424403.55,1123226.9,1458594,1240780.6,1259900.4,1189108.15,1181962,967830.25,920431.399999998,1108349,928842.25,690545.4,386029.9,130127],"X0.5":[133291,11710,11094.5,10070,10325,10356.5,11506,11285,10036,11424,11385,10427.5,7297,3730],"X0.25":[18880,1487,1149.25,980,1006.75,1246,1172,1043,824,900.25,848,788,400,227.25]},"labels":[0.99,0.95,0.5,0.25]}