{"data":{"years":[2001,2002,2003,2004,2005,2006,2007,2008,2009,2010,2011,2012,2013,2014],"X0.99":[1964294,2269523,2645416.83,2678868.62000002,2832306.62,2785809.19,2721584.1,2343677.7,2105430,1846488.56,1413765.21,1030565.56,594538,211417],"X0.95":[424403.55,1123226.9,1458594,1240096,1258993.2,1189108.15,1181063.6,967339.299999999,917212.9,1105095.2,918662.05,677336.399999999,373528.999999999,117783.15],"X0.5":[133291,11710,11094.5,10067.5,10325,10356.5,11500,11283.5,10031.5,11409.5,11377,10361,7241,3614],"X0.25":[18880,1487,1149.25,980,1006.5,1246,1172,1043,824,900,843.25,778,393,218]},"labels":[0.99,0.95,0.5,0.25]}