{"data":{"years":[2001,2002,2003,2004,2005,2006,2007,2008,2009,2010,2011,2012,2013,2014],"X0.99":[1964294,2269523,2645416.83,2678868.62000002,2831506.89999999,2784571.64000002,2721087.72,2337117.28,2093412.52,1844151.17,1409713.48,1026857.21,584361.639999997,204335.199999999],"X0.95":[424403.55,1123226.9,1458594,1240096,1258968,1189056.4,1180676,964640.399999996,914590.2,1104320,914942.999999998,676037.25,364036.799999999,112548],"X0.5":[133291,11710,11094.5,10067.5,10325,10357,11499,11283,10028,11406.5,11359.5,10357.5,7204,3539],"X0.25":[18880,1487,1149.25,980,1006.25,1246,1172,1043,824,899.25,841.25,777,387.5,218.25]},"labels":[0.99,0.95,0.5,0.25]}