{"data":{"years":[2001,2002,2003,2004,2005,2006,2007,2008,2009,2010,2011,2012,2013,2014],"X0.99":[1964294,2269523,2645416.83,2678868.62000002,2826943,2776557.49999999,2718198.4,2336857,2092080.62,1842167.1,1408388.96,1015544.15,577194.520000003,199513.54],"X0.95":[424403.55,1123226.9,1458594,1240096,1258968,1188978,1180085,963289.700000001,913501.499999998,1102676.75,913583.8,673732.35,361018.6,109214.5],"X0.5":[133291,11710,11094.5,10067.5,10325,10356.5,11499,11280,10024,11405,11359,10336.5,7192,3349.5],"X0.25":[18880,1487,1149.25,980,1006,1246,1172,1043,823.5,899,841,777,386,209.25]},"labels":[0.99,0.95,0.5,0.25]}