{"data":{"years":[2001,2002,2003,2004,2005,2006,2007,2008,2009,2010,2011,2012,2013,2014],"X0.99":[1964294,2269523,2645416.83,2666505.12,2821263.32,2762134.72,2708444,2328305.28,2080103,1794554.6,1383678.29,982378.47,552658.56,165867.79],"X0.95":[424403.55,1123226.9,1458594,1235789,1258373.1,1186174.89999999,1177263,960475.1,907475.599999999,1080169.4,898651.799999999,650253.849999998,342346.349999999,93735.85],"X0.5":[133291,11710,11094.5,10064,10320.5,10342,11485,11269,10021,11320,11308,10247,7040.5,2937],"X0.25":[18880,1487,1149.25,980,1006,1245,1171,1043,822,887,832,765.75,369.75,188]},"labels":[0.99,0.95,0.5,0.25]}