{"data":{"years":[2001,2002,2003,2004,2005,2006,2007,2008,2009,2010,2011,2012,2013,2014],"X0.99":[1964294,2269523,2645416.83,2668196.56,2822532.81999999,2762134.72,2708681.6,2333143.06999999,2085963.61,1819271.68,1397165.43,1004265.24,567289.27,180850.38],"X0.95":[424403.55,1123226.9,1458594,1238959,1258861.3,1186174.89999999,1177587.9,962135.649999998,910811.049999998,1094425.2,907002.25,663669,353125.75,101079],"X0.5":[133291,11710,11094.5,10064,10321,10342,11487,11274.5,10022,11375,11338,10294,7130.5,3101],"X0.25":[18880,1487,1149.25,980,1006,1245,1171.25,1043,823,892,836,769,378,200]},"labels":[0.99,0.95,0.5,0.25]}