{"data":{"years":[2001,2002,2003,2004,2005,2006,2007,2008,2009,2010,2011,2012,2013,2014],"X0.99":[1964294,2269523,2645416.83,2688191.72000001,2837062.39000001,2785809.19,2726573.48,2347362.25,2113757.96,1857049.92,1425609.03,1066140.92,618924,239769.67],"X0.95":[424403.55,1123226.9,1458594,1240780.6,1259900.4,1189108.15,1182518.9,967830.25,921362.7,1108426.8,929067.5,695083,388272.75,130620.35],"X0.5":[133291,11710,11094.5,10070,10325,10356.5,11506,11285,10036,11427,11385.5,10448,7298,3709.5],"X0.25":[18880,1487,1149.25,980,1006.75,1246,1172,1043,824,900.5,848,788.5,400.75,229]},"labels":[0.99,0.95,0.5,0.25]}