{"data":{"years":[2001,2002,2003,2004,2005,2006,2007,2008,2009,2010,2011,2012,2013,2014],"X0.99":[1964294,2269523,2645416.83,2678868.62000002,2826943,2776557.49999999,2718198.4,2336667.29,2091593.54,1841405.04,1402991.28,1009047.07,569927.98,191153.2],"X0.95":[424403.55,1123226.9,1458594,1240096,1258968,1188978,1180085,962620.15,912715.149999998,1101429.35,909980,667851,356431.699999999,105057],"X0.5":[133291,11710,11094.5,10067.5,10325,10356.5,11499,11278,10023.5,11404,11348,10315.5,7166,3219],"X0.25":[18880,1487,1149.25,980,1006,1246,1172,1043,823.25,898,838,774.75,381.5,204]},"labels":[0.99,0.95,0.5,0.25]}